,r_sq,chi_sq
0,0.9935101322491942,0.09837740557204885
1,0.9923959437275472,0.0874819630461783
2,0.9971564527035736,0.05104672542352393
