,r_sq,chi_sq
0,0.996585121212303,3.477459373317181
1,0.9917147297762386,4.585267934177744
2,0.9977732701721265,4.431530451017756
