,e,b,k_bind,m,km,n,e*,b*,k_bind*,m*,km*,n*,chi_sq,r_sq,redchi2,success,model,chi_sq_list,Simulation results
0,13.432435499999999,0.05,0.05,36,100,1.311044493587203,13.432435499999999,0.05,0.05,36,100,1.311044493587203,3.1585006924440697,0.9968478211821353,0.31585006924440695,True,<models.synTF_chem.synTF_chem object at 0x100b0e438>,"[3.1585006924440697, 3.1585006924440697, 3.1585006924440697, 3.1585006924440697, 3.158500792773349, 3.510569506185378, 3.239652670029382, 3.183335991377007, 3.1676944455195786, 3.1623084236492622, 3.16017551805295, 3.1592600422319568, 3.1588502895789667, 3.1586630395242037, 3.1585762994154023, 3.1585357279888853, 3.1585170729689462, 3.1585083834617826, 3.1585042099348275, 3.15850239627044, 3.15850147509948, 3.158501058966914, 3.158500896458423, 3.1585008086097193, 3.1585006924440697, 3.1585006924440697]","[0.0046430369752696685, 0.01645862416144382, 0.028037078539798116, 0.050574875819672876, 0.09281445024981531, 0.16665834485007175, 0.2972731019344591, 0.534464388281577, 0.9381119822343031, 0.9939432617184879, 1.0]"
1,13.432435499999999,0.05,0.05,36,100,1.4318947612637687,13.432435499999999,0.05,0.05,36,100,1.2599124359080682,3.2177137324565455,0.996923157517518,0.3217713732456545,True,<models.synTF_chem.synTF_chem object at 0x100b0e438>,"[3.2239978773816986, 3.2239978773816986, 3.2239978773816986, 3.2239978773816986, 3.223997905071656, 3.2177137324565455, 3.217713739000725, 3.225538311918907, 3.2237177344356645, 3.2183884999490995, 3.2177918561502796, 3.2177228642011824, 3.2177148265965942, 3.217713889393036, 3.2177137324565455, 3.2177137324565455]","[0.004493993189112874, 0.01765863178119644, 0.029844537193113082, 0.052949111338354636, 0.09549368116492714, 0.16961376405655162, 0.30064246578085274, 0.5383623682618649, 0.9394243006411052, 0.9940677349415176, 1.0]"
