,e,b,k_bind,m,km,n,e*,b*,k_bind*,m*,km*,n*,chi_sq,r_sq,redchi2,success,model,chi_sq_list,Simulation results
0,17.6656879,0.05,0.05,36,100,3.5000407973539356,17.6656879,0.05,0.05,36,100,3.5000407973539356,4.231320624994437,0.9959703563080226,0.4231320624994438,True,<models.synTF_chem.synTF_chem object at 0x1015c1438>,"[4.231320624994437, 4.231320624994437, 4.231320624994437, 4.231320624994437, 4.231320633677052, 4.3168853502344104, 4.244339732520586, 4.233531681948331, 4.2317029541661215, 4.231386909155428, 4.231332062832001, 4.231322833024519, 4.2313209496584365, 4.231320624994437, 4.231320624994437]","[0.018641247417406803, 0.019321061293670738, 0.022224908053420037, 0.03751115357411261, 0.08300893525318691, 0.1695383931017312, 0.3296274085345507, 0.6328469971383053, 0.9594749988585554, 0.9869491408939344, 1.0]"
1,17.6656879,0.05,0.05,36,100,3.42980312231659,17.6656879,0.05,0.05,36,100,3.42980312231659,4.333171071196882,0.9958425388108573,0.43331710711968824,True,<models.synTF_chem.synTF_chem object at 0x1015c1438>,"[4.333171071196882, 4.333171071196882, 4.333171071196882, 4.333171071196882, 4.333171302932829, 4.578865196780483, 4.43554262612427, 4.378352516717105, 4.353643213729734, 4.342561199997639, 4.337501895215247, 4.3351733640361, 4.334097885629361, 4.333600856802748, 4.333370385154255, 4.333263508656133, 4.333214052248147, 4.333191024235262, 4.333180521899625, 4.333175378792598, 4.333173319240801, 4.333172274313491, 4.333171558957388, 4.333171529014108, 4.333171071196882, 4.333171071196882]","[0.017831798982729203, 0.018568740256031904, 0.021642073501690774, 0.03730796200643307, 0.08315496673811591, 0.17006991952975486, 0.33069951564290684, 0.6347768086909258, 0.9604008583930084, 0.9872534247903606, 1.0]"
