,pem evaluation data1,pem evaluation data2,pem evaluation data3
0,0.0003448224604623193,3.9999908963050716e-05,0.001439142123094733
1,0.0553938193085947,0.07134874787652583,0.08151717983346239
2,0.16460613606652347,0.16989460085899655,0.21123390393454733
3,0.2767864287962984,0.2707868451172141,0.30400362422263394
4,0.4179535891496147,0.41178942085263476,0.49189668366501393
5,0.721859932665657,0.7970537048138575,0.7849680508204676
6,0.9054856575303307,0.924300324926869,0.8992431578205431
7,1.0,1.0,1.0
