,r_sq,chi_sq
0,0.9962421742363801,4.317836768111209
1,0.9912865900882727,2.9675189248849487
2,0.9978171455431709,19.307493262086762
