,e,b,k_bind,m,km,n,chi_sq,normalized solutions,chi_sq_1,data
0,3.2499652726048347,0.01,1,500,2,2,0.10947203816762188,"[1.833257810535776e-07, 0.0022785866582324507, 0.007436408622223169, 0.0242467596058417, 0.06244303001334161, 0.12030147846126263, 0.21992898107033992, 0.39743058586550684, 0.7294845430878332, 0.9999720842241946, 1.0]",0.0980639726441622,"[0.013172049704469998, 0.0, 0.05455150756884919, 0.03407805908606803, 0.06946397974727102, 0.1907394529743256, 0.3246161743928891, 0.5283990688057588, 0.9607057446718691, 0.9051955174746741, 1.0]"
1,0.2230272920752777,0.01,1,500,2,2,1.5631348572412627,"[0.0004159422450937059, 0.0005043555242043885, 0.0006627107787346781, 0.0011006907723336815, 0.0023278612310847304, 0.005756380078848572, 0.0153921621425947, 0.04248913013042477, 0.11992885709725103, 0.34223827759873543, 1.0]",1.398435064423703,"[0.013172049704469998, 0.0, 0.05455150756884919, 0.03407805908606803, 0.06946397974727102, 0.1907394529743256, 0.3246161743928891, 0.5283990688057588, 0.9607057446718691, 0.9051955174746741, 1.0]"
