,e,b,k_bind,m,km,n,e*,b*,k_bind*,m*,km*,n*,chi_sq,r_sq,redchi2,success,model,chi_sq_list,Simulation results
0,0.2230272920752777,0.01,1,500,2,2,3.6984581804143293,0.01,1,500,2,2,0.012970023163800606,0.994677250216179,0.0012970023163800606,True,<models.models.synTF_chem object at 0x104a12470>,"[1.398435064423703, 1.3984350672927082, 1.3984350672927082, 1.3984350672927082, 1.3984355095867733, 5.036888808075735, 0.9512067847748986, 0.951208829476934, 0.5231124649678152, 0.5231164604776036, 0.18815244956674976, 0.18815491674060794, 0.01521568631360037, 0.01521547536883759, 0.012996524976046258, 0.012996494798498551, 0.012970171429692142, 0.01297016929719337, 0.012970025828262503, 0.012970025476630384, 0.012970023163800606, 0.012970023387170173, 0.012970023788036656, 0.012970023163800606, 0.012970023163800606]","[1.8332483926470304e-07, 0.004109027794779788, 0.013667146341074249, 0.04112138108951725, 0.08802528766936507, 0.16361096603928713, 0.29655516394720954, 0.538211998262243, 0.971145263165686, 0.9999864833908175, 1.0]"
1,3.2499652726048347,0.01,1,500,2,2,3.6984208722467784,0.01,1,500,2,2,0.012970023290893827,0.9946766796545675,0.0012970023290893827,True,<models.models.synTF_chem object at 0x104a12470>,"[0.0980639726441622, 0.09806397559965868, 0.09806397559965868, 0.09806397559965868, 0.09806208999572447, 0.013087158506451708, 0.013087217019984587, 0.012970747489932356, 0.012970752617275351, 0.012970023521558304, 0.012970023916573552, 0.012970024776218017, 0.012970024776218017, 0.012970024776218017, 0.012970023290893827, 0.012970021226608815, 0.012970023480599585, 0.012970023290893827, 0.012970023290893827]","[1.8332483929810896e-07, 0.0041088363974270195, 0.013666501037447615, 0.041119839474225664, 0.08802303773839769, 0.16360708973882102, 0.29654824904657495, 0.5381991385341056, 0.9711312714832939, 0.9999864826709339, 1.0]"
