,b,m,w,b*,m*,w*,chi_sq,r_sq,redchi_sq,success,model,chi_sq_list,Simulation results,x,exp_data,exp_error
0,1,1932.8113451926251,0.042093500000000006,1,1559.867107284818,0.042093500000000006,21.102952283810676,0.9963028731246891,3.014707469115812,True,<games.models.synTF.synTF object at 0x1697b29e0>,"[22.008909009177405, 22.00890900918712, 22.00890900918712, 22.00890900918712, 22.00891303591786, 21.143941153849873, 21.14393989125433, 21.102987103097046, 21.102987068918587, 21.102952287767955, 21.10295228739687, 21.102952283810676, 21.102952283810676, 21.102952283810676]","[0.00072202080221691, 0.08899291112829062, 0.19774585351346785, 0.3351304379409703, 0.5144114959832929, 0.7591611336217443, 0.9036777963051242, 1.0]","[0, 2, 5, 10, 20, 50, 100, 200]","[0.0007314932214961, 0.0474982931824832, 0.181459085145811, 0.304593777430996, 0.458695016092851, 0.703160050716863, 0.853116161123574, 1.0]","[0.0001462986442992, 0.0097532429532819, 0.0243831073832049, 0.0487662147664098, 0.0487662147664098, 0.0731493221496147, 0.0975324295328197, 0.146298644299229]"
1,1,6539.669024947352,0.042093500000000006,1,1559.8693252640976,0.042093500000000006,21.1029522838729,0.996302873124219,3.0147074691247004,True,<games.models.synTF.synTF object at 0x1697b2920>,"[35.22421871664901, 35.224218716625344, 35.224218716625344, 35.224218716625344, 35.22422100930684, 40.01703569361493, 22.322856160782262, 22.32284734404995, 21.121109114540932, 21.12110829116187, 21.102959729552314, 21.102959713325156, 21.102952290129174, 21.10295229055696, 21.1029522838729, 21.1029522838729, 21.1029522838729]","[0.0007220197763160926, 0.08899291019298892, 0.19774585268978742, 0.33513043725836683, 0.5144114954846312, 0.7591611333687696, 0.9036777962338146, 1.0]","[0, 2, 5, 10, 20, 50, 100, 200]","[0.0007314932214961, 0.0474982931824832, 0.181459085145811, 0.304593777430996, 0.458695016092851, 0.703160050716863, 0.853116161123574, 1.0]","[0.0001462986442992, 0.0097532429532819, 0.0243831073832049, 0.0487662147664098, 0.0487662147664098, 0.0731493221496147, 0.0975324295328197, 0.146298644299229]"
