,e,b,k_bind,m,km,n,e*,b*,k_bind*,m*,km*,n*,chi_sq,r_sq,redchi2,success,model,chi_sq_list,Simulation results,x,exp_data,exp_error
0,18.418758324999995,0.05,0.05,36,100,3.5000407973539356,18.418758324999995,0.05,0.05,36,100,3.5000407973539356,4.942115284916353,0.9936244532083126,0.4942115284916352,True,<games.models.synTF_chem.synTF_chem object at 0x7f63780bcbb0>,"[4.942115284916353, 4.942115284916353, 4.942115284916353, 4.942115284916353, 4.942115358288077, 5.273883065908492, 5.047643776195122, 4.977866189014521, 4.954483062116678, 4.946424524678875, 4.943620822995778, 4.942641258927691, 4.942299498825931, 4.942179637709926, 4.942137899040674, 4.942123304503018, 4.942118117271225, 4.942117279965115, 4.94211560471016, 4.942115284916353, 4.942115284916353]","[0.018626164707099317, 0.019398866670384207, 0.022743416524328566, 0.03995253737502249, 0.0881851306405453, 0.17905837878265046, 0.3473680099272512, 0.6672462078449263, 0.9623972879092372, 0.9875074240478865, 1.0]","[0.0, 1.0, 1.67, 2.78, 4.64, 7.74, 12.92, 21.54, 35.98, 59.95, 100.0]","[0.009270038, 0.029236676, 0.027410541, 0.054155597, 0.106555821, 0.173277239, 0.306469394, 0.570314169, 0.984267854, 0.982056074, 1.0]","[0.05, 0.05, 0.05, 0.05, 0.05, 0.05, 0.05, 0.05, 0.05, 0.05, 0.05]"
1,18.418758324999995,0.05,0.05,36,100,3.42980312231659,18.418758324999995,0.05,0.05,36,100,3.42980312231659,5.129986852377052,0.9934192726545583,0.5129986852377052,True,<games.models.synTF_chem.synTF_chem object at 0x7f63780bcbb0>,"[5.129986852377052, 5.129986852377052, 5.129986852377052, 5.129986852377052, 5.129986869931211, 5.174908812575816, 5.137743536253659, 5.131346532399716, 5.130225962676347, 5.130028791574022, 5.129994098396738, 5.129988127848956, 5.129987054565075, 5.129986852377052, 5.129986852377052]","[0.01781771019694516, 0.018654799608358176, 0.02218529841545694, 0.039782295468157515, 0.08836090605035839, 0.17962954283323385, 0.34850088971404436, 0.6692769218618034, 0.963258950799832, 0.9877988583735485, 1.0]","[0.0, 1.0, 1.67, 2.78, 4.64, 7.74, 12.92, 21.54, 35.98, 59.95, 100.0]","[0.009270038, 0.029236676, 0.027410541, 0.054155597, 0.106555821, 0.173277239, 0.306469394, 0.570314169, 0.984267854, 0.982056074, 1.0]","[0.05, 0.05, 0.05, 0.05, 0.05, 0.05, 0.05, 0.05, 0.05, 0.05, 0.05]"
