,r_sq,chi_sq
0,0.9927265511951674,0.0983280629611819
1,0.9932281030606772,0.08759235446798307
2,0.996077873766552,0.05206126007676802
