,e,b,k_bind,m,km,n,chi_sq,normalized solutions,chi_sq_3,data
0,0.5370596074275552,0.01,1,500,2,2,1.6754900772196795,"[7.864636711607843e-06, 6.440484742936762e-05, 0.00016630832662617489, 0.0004504439788475487, 0.0012573828012377275, 0.00356317813717166, 0.010291051495771595, 0.030416498484851298, 0.09395131649456495, 0.30444150022555044, 1.0]",0.011397046761734426,"[0.0, 0.021538234631036008, 0.024956603440445747, 0.0, 0.0, 0.0, 0.0267031663476543, 0.0856373155782144, 0.14863505658685308, 0.36767025055244856, 1.0]"
1,3.2499652726048347,0.01,1,500,2,2,0.10947203816762188,"[1.833257810535776e-07, 0.0022785866582324507, 0.007436408622223169, 0.0242467596058417, 0.06244303001334161, 0.12030147846126263, 0.21992898107033992, 0.39743058586550684, 0.7294845430878332, 0.9999720842241946, 1.0]",0.8913803680399295,"[0.0, 0.021538234631036008, 0.024956603440445747, 0.0, 0.0, 0.0, 0.0267031663476543, 0.0856373155782144, 0.14863505658685308, 0.36767025055244856, 1.0]"
