,e,b,k_bind,m,km,n,e*,b*,k_bind*,m*,km*,n*,chi_sq,r_sq,redchi2,success,model,chi_sq_list,Simulation results
0,3.2499652726048347,0.01,1,500,2,2,0.6946439302248578,0.01,1,500,2,2,0.005037591423759671,0.996267614465815,0.000503759142375967,True,<models.models.synTF_chem object at 0x104a12470>,"[0.8913803680399295, 0.891380360822376, 0.891380360822376, 0.891380360822376, 0.8913848960361253, 0.08026145979368682, 0.0802624792806744, 0.0678653104798285, 0.06786534007355798, 0.04675348640432145, 0.046753741989421005, 0.005563301398728397, 0.005563400364399766, 0.005042329254347626, 0.005042337433789459, 0.005037659546137784, 0.005037660981281101, 0.00503759634003125, 0.005037596107342246, 0.005037591700669213, 0.0050375915621065645, 0.005037591947107089, 0.005037591947107089, 0.005037591423759671, 0.0050375914347518536, 0.005037591498792813, 0.005037591423759671, 0.005037591423759671]","[3.0028500024041717e-06, 6.371353635140379e-05, 0.00017368633160711662, 0.00048234300443922144, 0.0013685795959273188, 0.003947465645473097, 0.011700032922337811, 0.03599573329422349, 0.11734794665051108, 0.3842922623368744, 1.0]"
1,0.5370596074275552,0.01,1,500,2,2,0.6946647385574232,0.01,1,500,2,2,0.005037592293933271,0.996267159001635,0.000503759229393327,True,<models.models.synTF_chem object at 0x104a12470>,"[0.011397046761734426, 0.011397046846343566, 0.011397046846343566, 0.011397046846343566, 0.011397005662246187, 0.04169130315164777, 0.009806451881307784, 0.009806349543539167, 0.007943796619516656, 0.007943671847405421, 0.005599902147662502, 0.0055998198375691805, 0.005037626860589292, 0.005037627573835096, 0.005037592293933271, 0.0050375921535995944, 0.005037594781393689, 0.005037594781393689, 0.005037593557318833, 0.005037592293933271, 0.005037592293933271]","[3.00258691740972e-06, 6.371527206421828e-05, 0.00017369177052600635, 0.0004823591404905566, 0.0013686278781409392, 0.003947614606113045, 0.011700517858923648, 0.03599742800840114, 0.11735418978184915, 0.3843094990631145, 1.0]"
