,r_sq,chi_sq
0,0.9929070053070685,0.09765705727815681
1,0.9922384033708445,0.08764541841858331
2,0.9964829625216483,0.05150685329257871
