,r_sq,chi_sq
0,0.9999994413314842,6.808422989114807e-07
1,0.9999989591658138,1.2334383288175243e-06
2,0.9999992749871974,8.010854479817139e-07
