,pem evaluation data1,pem evaluation data2,pem evaluation data3
0,0.0007090743314169014,0.00022398915373056185,0.0014740884299593757
1,0.07239165472945056,0.07476224131946144,0.06315408450453246
2,0.1655396796386504,0.16910257208485663,0.14606673041740983
3,0.2880419942693505,0.2933259774160551,0.25810070664758744
4,0.45928915799813186,0.4656406390878894,0.4226592175233872
5,0.7170368500369505,0.7229308770003762,0.6861758685351879
6,0.8830931923745552,0.8859058752153849,0.8668477466959623
7,1.0,1.0,1.0
