,b,m,w,x,exp_data,exp_error,dataID,weight_by_error,parameter_labels,chi_sq,normalized solutions
0,1,9172.713638000561,0.03571132648315668,"[0, 2, 5, 10, 20, 50, 100, 200]","[0.00048122799012807814, 0.014624467888024007, 0.0406824859502553, 0.04797610990093132, 0.06943034353266603, 0.344719481809486, 0.554175550866752, 1.0]","[0.0001462986442992, 0.0097532429532819, 0.0243831073832049, 0.0487662147664098, 0.0487662147664098, 0.0731493221496147, 0.0975324295328197, 0.146298644299229]",synTF dose response,yes,"['b', 'm', 'w']",215.46508359590763,"[0.00012521437217903595, 0.0774341757113274, 0.17532899291560894, 0.3033559119759099, 0.47814872577379564, 0.7319086421845371, 0.8905100149288223, 1.0]"
1,1,958.0850168164776,0.0008807330223345632,"[0, 2, 5, 10, 20, 50, 100, 200]","[0.00048122799012807814, 0.014624467888024007, 0.0406824859502553, 0.04797610990093132, 0.06943034353266603, 0.344719481809486, 0.554175550866752, 1.0]","[0.0001462986442992, 0.0097532429532819, 0.0243831073832049, 0.0487662147664098, 0.0487662147664098, 0.0731493221496147, 0.0975324295328197, 0.146298644299229]",synTF dose response,yes,"['b', 'm', 'w']",1911.3969150741248,"[0.006873799890835909, 0.018592946756771325, 0.0360918823946261, 0.06504595129036152, 0.12217633371795823, 0.28759111353699424, 0.5448680472072794, 1.0]"
