day,subject,meptrs
0,0,23043.91205
0,1,23243.72631
0,2,23243.72631
1,0,390825.2614
1,1,297588.5316
1,2,382457.8626
2,0,541230.6341
2,1,535632.1585
2,2,618609.5655
3,0,438057.7725
3,1,625475.8785
3,2,417301.3698
4,0,471146.2355
4,1,392943.4506
4,2,452872.7204
5,0,359415.9676
5,1,508206.7742
5,2,408157.7835
normoxic,0,34121.21964
normoxic,1,31119.99265
normoxic,2,27132.28642