day,subject,meptrs
0,0,11514.6295
0,1,12114.07227
0,2,12493.71936
1,0,162514.8077
1,1,143389.3246
1,2,158729.5558
2,0,291898.5221
2,1,252109.3559
2,2,252109.3559
3,0,342822.5134
3,1,345264.4431
3,2,322676.5932
4,0,371329.6155
4,1,373490.999
4,2,365827.9121
5,0,444270.1411
5,1,495971.9863
5,2,446638.1645
normoxic,0,18655.66475
normoxic,1,17228.19141
normoxic,2,15969.68701