day,subject,meptrs
0,0,10855.24246
0,1,9856.171182
0,2,10055.98544
1,0,208535.5012
1,1,207539.3823
1,2,217500.5714
2,0,455853.8805
2,1,612811.1443
2,2,582219.4737
3,0,502361.9218
3,1,546723.645
3,2,549979.5513
4,0,459356.8709
4,1,528521.143
4,2,464662.085
5,0,438350.0825
5,1,398093.6839
5,2,561684.637
normoxic,0,15203.04745
normoxic,1,19048.99327
normoxic,2,15943.37564