,b,m,w,x,exp_data,exp_error,dataID,weight_by_error,parameter_labels,chi_sq,normalized solutions
0,1,20443.507714816293,0.0004374590843851934,"[0, 2, 5, 10, 20, 50, 100, 200]","[0.007494290185383163, 0.014944137102907033, 0.0561891415538342, 0.04082869236653402, 0.10185490056754136, 0.30279112258327784, 0.5262413396016407, 1.0]","[0.0001462986442992, 0.0097532429532819, 0.0243831073832049, 0.0487662147664098, 0.0487662147664098, 0.0731493221496147, 0.0975324295328197, 0.146298644299229]",synTF dose response,yes,"['b', 'm', 'w']",2221.2384618402616,"[0.0006020655124406631, 0.011491002384996365, 0.027787501175436612, 0.05485036171013563, 0.10861168067555234, 0.267038900987668, 0.521935487070295, 1.0]"
1,1,9172.713638000561,0.03571132648315668,"[0, 2, 5, 10, 20, 50, 100, 200]","[0.007494290185383163, 0.014944137102907033, 0.0561891415538342, 0.04082869236653402, 0.10185490056754136, 0.30279112258327784, 0.5262413396016407, 1.0]","[0.0001462986442992, 0.0097532429532819, 0.0243831073832049, 0.0487662147664098, 0.0487662147664098, 0.0731493221496147, 0.0975324295328197, 0.146298644299229]",synTF dose response,yes,"['b', 'm', 'w']",2738.956122458129,"[0.00012521437217903595, 0.0774341757113274, 0.17532899291560894, 0.3033559119759099, 0.47814872577379564, 0.7319086421845371, 0.8905100149288223, 1.0]"
