,b,m,w,x,exp_data,exp_error,dataID,weight_by_error,parameter_labels,chi_sq,normalized solutions
0,1,20443.507714816293,0.0004374590843851934,"[0, 2, 5, 10, 20, 50, 100, 200]","[0.007494290185385433, 0.014944137102943242, 0.05618914155384326, 0.040828692366533983, 0.10185490056765668, 0.3027911225832707, 0.5262413396016417, 1.0]","[0.0001462986442992, 0.0097532429532819, 0.0243831073832049, 0.0487662147664098, 0.0487662147664098, 0.0731493221496147, 0.0975324295328197, 0.146298644299229]",synTF dose response,yes,"['b', 'm', 'w']",2221.238461841628,"[0.000602065512440852, 0.011491002384995537, 0.027787501175436737, 0.05485036171001441, 0.10861168068144371, 0.26703890098834143, 0.5219354870702966, 1.0]"
1,1,9172.713638000561,0.03571132648315668,"[0, 2, 5, 10, 20, 50, 100, 200]","[0.007494290185385433, 0.014944137102943242, 0.05618914155384326, 0.040828692366533983, 0.10185490056765668, 0.3027911225832707, 0.5262413396016417, 1.0]","[0.0001462986442992, 0.0097532429532819, 0.0243831073832049, 0.0487662147664098, 0.0487662147664098, 0.0731493221496147, 0.0975324295328197, 0.146298644299229]",synTF dose response,yes,"['b', 'm', 'w']",2738.9561224571153,"[0.00012521437217846945, 0.07743417571095346, 0.1753289929147614, 0.30335591197468126, 0.4781487257716292, 0.7319086421797791, 0.8905100149245231, 1.0]"
