,g,g*,chi_sq,r_sq,redchi2,success,model,chi_sq_list,Simulation results,x,exp_data,exp_error
0,0.0010361428426495412,0.0010361428426580589,4040.312417831214,0.5116422160321271,577.187488261602,True,<games.models.synTF.synTF object at 0x7fac388667d0>,"[4040.3124178310045, 4040.312417831214, 4040.312417831214, 4040.312417831214, 4040.3124178269895, 4040.312591197053, 4040.3125035167413, 4040.31249573913, 4040.3124741268734, 4040.3124900669436, 4040.3125297815754, 4040.3124911602176, 4040.312518783645, 4040.312453561129, 4040.3124973606955, 4040.31252678675, 4040.312528317191, 4040.312548324542, 4040.31253884913, 4040.312520779244, 4040.3125096194844, 4040.312541915975, 4040.312417831214, 4040.312417831214]","[0.0, 0.010000000341082818, 0.02500000919651703, 0.0500000017079093, 0.09999999620925756, 0.25000000971102077, 0.5000000170329688, 1.0]","[0, 2, 5, 10, 20, 50, 100, 200]","[0.0, 0.2, 0.4, 0.6, 0.8, 0.8800000000000001, 1.0, 1.0]","[0.02, 0.02, 0.02, 0.02, 0.02, 0.02, 0.02, 0.02]"
1,848.3938839791103,834.6589918465542,4040.3124181708044,0.5116422186826495,577.1874883101149,True,<games.models.synTF.synTF object at 0x7fac38865540>,"[4040.3124289666675, 4040.3124289666675, 4040.3124289666675, 4040.3124289666675, 4040.3124289897887, 4040.3125015196056, 4040.3124147979215, 4040.3124660790886, 4040.312481827359, 4040.3125131981924, 4040.3124983745747, 4040.312502314224, 4040.31251264655, 4040.3125361754137, 4040.3125233810624, 4040.3124286336397, 4040.3124181708044, 4040.3124661584247, 4040.312417418665, 4040.3124543307113, 4040.312428817725, 4040.3124268588263, 4040.312424112254, 4040.3124526904517, 4040.3124664201914, 4040.3124181708044, 4040.3124181708044]","[0.0, 0.010000000308575525, 0.025000000756787245, 0.050000001577571215, 0.10000000247661257, 0.25000000755862956, 0.5000000173203705, 1.0]","[0, 2, 5, 10, 20, 50, 100, 200]","[0.0, 0.2, 0.4, 0.6, 0.8, 0.8800000000000001, 1.0, 1.0]","[0.02, 0.02, 0.02, 0.02, 0.02, 0.02, 0.02, 0.02]"
