,e,b,k_bind,m,km,n,e*,b*,k_bind*,m*,km*,n*,chi_sq,r_sq,redchi2,success,model,chi_sq_list,Simulation results
0,26.048670420385793,0.05,0.05,36,100,2.937739178880425,16.281743083018494,0.05,0.05,36,100,3.001330605363663,1.142462538578663,0.9989514211190501,0.1269402820642959,True,<models.synTF_chem.synTF_chem object at 0x1015c1438>,"[87.76913936646916, 87.76913916976504, 87.76913916976504, 87.76913916976504, 87.76925816688396, 87.76913894281769, 1.3155996937680896, 1.3156101859068459, 1.3155996584771166, 2.128986610176124, 1.3913917826467603, 1.197241369947459, 1.1972468597311339, 1.1972414006888394, 1.142462538578663, 1.1424625008094453, 1.142462528909645, 1.1511519528119765, 1.1464289834722352, 1.1441354907217198, 1.143167406618114, 1.1427590498766809, 1.1425875681357587, 1.1425155139467866, 1.1424852418307008, 1.1424722081463832, 1.1424667295830182, 1.1424643381550073, 1.142463317664547, 1.142462538578663, 1.142462538578663]","[0.013612803045423212, 0.014609737820495879, 0.018035816606079245, 0.032792861779697965, 0.07563591042723537, 0.15688787846562774, 0.30572518939604965, 0.5846878450605237, 0.9595526317870052, 0.9880931993563795, 1.0]"
1,3.2499652726048347,0.05,0.05,36,100,1.343760470208628,16.413324514680482,0.05,0.05,36,100,3.1723490866527917,1.1744159552433273,0.9988581916554101,0.13049066169370305,True,<models.synTF_chem.synTF_chem object at 0x1015c1438>,"[347.0929258051367, 347.09292641314596, 347.09292641314596, 347.09292641314596, 347.09294045809963, 347.0929276834961, 62.4990346957787, 62.4987728555302, 62.499038349213826, 2.1545058041184384, 2.154529431430873, 2.154505615413394, 1.257306815228878, 1.257302569272652, 1.2573068110782897, 1.3298334114261745, 1.2203226551485429, 1.2203234721555258, 1.220322647983807, 1.2132407474581086, 1.2132424800116015, 1.213240711997783, 1.1850005067528508, 1.1850013199170826, 1.185000508911765, 1.1744159552433273, 1.174415978774237, 1.1744159561556888, 1.1776033993513761, 1.1767537198025373, 1.1746775541173298, 1.1744401492782957, 1.1744159552433273, 1.1744159552433273]","[0.015170737461628989, 0.015983326472683707, 0.018999670378686582, 0.033045310298336364, 0.07548896707880162, 0.15658797800421817, 0.3056030125481548, 0.5854764914329114, 0.9576899990881078, 0.9873921358249848, 1.0]"
