,r_sq,chi_sq
0,0.9926058451972114,0.09814581099264899
1,0.9945718896724227,0.08781824737375876
2,0.9956892873585959,0.05245798856650661
