,b,m,w,x,exp_data,exp_error,dataID,weight_by_error,parameter_labels,chi_sq,normalized solutions
0,1,1619.67421,0.042093500000000006,"[0, 2, 5, 10, 20, 50, 100, 200]","[0.0007314932214961, 0.0474982931824832, 0.181459085145811, 0.304593777430996, 0.458695016092851, 0.703160050716863, 0.853116161123574, 1.0]","[0.0001462986442992, 0.0097532429532819, 0.0243831073832049, 0.0487662147664098, 0.0487662147664098, 0.0731493221496147, 0.0975324295328197, 0.146298644299229]",synTF dose response,yes,"['b', 'm', 'w']",21.1361,"[0.0006953784408904908, 0.08896862210067479, 0.1977244639361748, 0.3351127128822917, 0.514398548923987, 0.7591547137312457, 0.9036752627032297, 1.0]"
