,b,m,w,b*,m*,w*,chi_sq,r_sq,redchi_sq,success,model,chi_sq_list,Simulation results,x,exp_data,exp_error
0,1,1619.67421,0.042093500000000006,1,1559.8794923602545,0.042093500000000006,21.10295228537462,0.9963028731227944,3.0147074693392315,True,<games.models.synTF.synTF object at 0x17116ee00>,"[21.13612022789129, 21.13612022800279, 21.13612022800279, 21.13612022800279, 21.136121236992665, 21.1029812292876, 21.10298119757724, 21.10295228537462, 21.102952285304816, 21.102952286349034, 21.10295228537462, 21.10295228537462]","[0.0007220150736810432, 0.0889929059057843, 0.1977458489144087, 0.3351304341300287, 0.5144114931995808, 0.759161132231297, 0.9036777958419888, 1.0]","[0, 2, 5, 10, 20, 50, 100, 200]","[0.0007314932214961, 0.0474982931824832, 0.181459085145811, 0.304593777430996, 0.458695016092851, 0.703160050716863, 0.853116161123574, 1.0]","[0.0001462986442992, 0.0097532429532819, 0.0243831073832049, 0.0487662147664098, 0.0487662147664098, 0.0731493221496147, 0.0975324295328197, 0.146298644299229]"
