,b,m,w,x,exp_data,exp_error,dataID,weight_by_error,parameter_labels,chi_sq,normalized solutions
0,1,20443.507714816293,0.0004374590843851934,"[0, 2, 5, 10, 20, 50, 100, 200]","[9.606794105371144e-05, 0.07738992018120448, 0.21067676489779652, 0.3468089073566111, 0.5051544751575696, 0.7961468785026968, 0.944348326507753, 1.0]","[0.0001462986442992, 0.0097532429532819, 0.0243831073832049, 0.0487662147664098, 0.0487662147664098, 0.0731493221496147, 0.0975324295328197, 0.146298644299229]",synTF dose response,yes,"['b', 'm', 'w']",286.9159984986148,"[0.0006020655124406631, 0.011491002384996365, 0.027787501175436612, 0.05485036171013563, 0.10861168067555234, 0.267038900987668, 0.521935487070295, 1.0]"
1,1,335313.1544831501,0.39078606411197137,"[0, 2, 5, 10, 20, 50, 100, 200]","[9.606794105371144e-05, 0.07738992018120448, 0.21067676489779652, 0.3468089073566111, 0.5051544751575696, 0.7961468785026968, 0.944348326507753, 1.0]","[0.0001462986442992, 0.0097532429532819, 0.0243831073832049, 0.0487662147664098, 0.0487662147664098, 0.0731493221496147, 0.0975324295328197, 0.146298644299229]",synTF dose response,yes,"['b', 'm', 'w']",1928.97152785866,"[3.030250135552365e-06, 0.44501809357735184, 0.6678250685175913, 0.8027690341117278, 0.894113019771026, 0.961010563948801, 0.986356778143166, 1.0]"
