,r_sq,chi_sq
0,0.9935596176741199,0.09833630990327272
1,0.9930728864662113,0.08761916923190215
2,0.99664629819517,0.05135796174533246
