,b,m,w,b*,m*,w*,chi_sq,r_sq,redchi_sq,success,model,chi_sq_list,Simulation results,x,exp_data,exp_error
0,1,1932.8113451926251,0.042093500000000006,1,1559.8668506885208,0.042093500000000006,21.10295228405343,0.9963028731240462,3.0147074691504905,True,<games.models.synTF.synTF object at 0x7f74ba43cdc0>,"[22.008909009168633, 22.008909009188606, 22.008909009188606, 22.008909009188606, 22.008913035953885, 21.143946307812655, 21.143945044854277, 21.10298662835605, 21.102986594354103, 21.102952286683585, 21.102952286379235, 21.10295228405343, 21.10295228405343, 21.10295228405343]","[0.0007220209209021615, 0.08899291123644822, 0.1977458536086547, 0.3351304380202017, 0.5144114960407116, 0.7591611336517939, 0.9036777963396474, 1.0]","[0, 2, 5, 10, 20, 50, 100, 200]","[0.0007314932214961, 0.0474982931824832, 0.181459085145811, 0.304593777430996, 0.458695016092851, 0.703160050716863, 0.853116161123574, 1.0]","[0.0001462986442992, 0.0097532429532819, 0.0243831073832049, 0.0487662147664098, 0.0487662147664098, 0.0731493221496147, 0.0975324295328197, 0.146298644299229]"
1,1,6539.669024947352,0.042093500000000006,1,1559.8576545460714,0.042093500000000006,21.102952284711577,0.9963028731259612,3.014707469244511,True,<games.models.synTF.synTF object at 0x7f74ba43e470>,"[35.22421871652032, 35.22421871642075, 35.22421871642075, 35.22421871642075, 35.22422100920461, 40.029010253538715, 22.30764440917246, 22.307635664300776, 21.120757364619852, 21.120756549256743, 21.102959200944632, 21.102959184981252, 21.102952301613087, 21.102952302581013, 21.102952284711577, 21.102952284711577, 21.102952284711577]","[0.0007220251745042205, 0.08899291511435684, 0.1977458570236956, 0.3351304408497551, 0.5144114981079784, 0.7591611346709983, 0.9036777966843725, 1.0]","[0, 2, 5, 10, 20, 50, 100, 200]","[0.0007314932214961, 0.0474982931824832, 0.181459085145811, 0.304593777430996, 0.458695016092851, 0.703160050716863, 0.853116161123574, 1.0]","[0.0001462986442992, 0.0097532429532819, 0.0243831073832049, 0.0487662147664098, 0.0487662147664098, 0.0731493221496147, 0.0975324295328197, 0.146298644299229]"
