,e,b,k_bind,m,km,n,chi_sq,normalized solutions,chi_sq_2,data
0,3.773109020799638,0.01,1,500,2,2,0.0015851659059536983,"[1.833247240143226e-07, 0.004506992710642264, 0.015003857468229421, 0.04423488820252027, 0.09257169656936416, 0.17146156134564158, 0.31057882011266896, 0.5643160668815552, 0.9921467841160444, 0.9999875444402845, 1.0]",0.17689526005106562,"[0.0019584084161042236, 0.0373725590319024, 0.0, 0.02642960476593529, 0.058777116644485525, 0.09518410866637339, 0.15736088844139404, 0.3636176275988675, 0.6695521412195319, 1.0, 0.9779566159036471]"
1,0.2230272920752777,0.01,1,500,2,2,1.5631348572412627,"[0.0004159422450937059, 0.0005043555242043885, 0.0006627107787346781, 0.0011006907723336815, 0.0023278612310847304, 0.005756380078848572, 0.0153921621425947, 0.04248913013042477, 0.11992885709725103, 0.34223827759873543, 1.0]",0.8716882535997988,"[0.0019584084161042236, 0.0373725590319024, 0.0, 0.02642960476593529, 0.058777116644485525, 0.09518410866637339, 0.15736088844139404, 0.3636176275988675, 0.6695521412195319, 1.0, 0.9779566159036471]"
