,e,b,k_bind,m,km,n,e*,b*,k_bind*,m*,km*,n*,chi_sq,r_sq,redchi2,success,model,chi_sq_list,Simulation results
0,3.773109020799638,0.01,1,500,2,2,3.1135526099890183,0.01,1,500,2,2,0.003906660890240362,0.9975847100476438,0.00039066608902403615,True,<models.models.synTF_chem object at 0x104a12470>,"[0.17689526005106562, 0.1768952552940032, 0.1768952552940032, 0.1768952552940032, 0.17689711633921465, 0.007033668747579501, 0.0070333536843531184, 0.00390883422949089, 0.003908842797616376, 0.0039066633653067045, 0.00390666343942052, 0.0039066625202133385, 0.003906662686178722, 0.003906660890240362, 0.003906660917400549, 0.003906660895165252, 0.003906660890240362, 0.003906660890240362]","[1.8332620617592728e-07, 0.001879856724389692, 0.00608063141114283, 0.020020052258371213, 0.054878630241330315, 0.10839351727607886, 0.19909641866946717, 0.35973371761403106, 0.6580413058265171, 0.9999568741881262, 1.0]"
1,0.2230272920752777,0.01,1,500,2,2,0.0487652146928024,0.01,1,500,2,2,0.577561510390803,0.6525260759937765,0.05775615103908029,True,<models.models.synTF_chem object at 0x104a12470>,"[0.8716882535997988, 0.871688254650491, 0.871688254650491, 0.871688254650491, 0.871688632532962, 5.803712312750465, 0.8474302202853443, 0.847429801735369, 5.20006562138588, 0.8368610915509769, 0.8368605445234671, 0.8159417930363626, 0.8159407490490787, 0.7822358335932152, 0.7822337749021508, 0.7319421148407291, 0.7319386229568768, 0.6528614936350229, 0.6528565811324869, 0.5795422294765395, 0.5795407152434848, 0.5775657510136769, 0.5775658274925849, 0.577561510390803, 0.5775615075350544, 0.5775615685601637, 0.577561510390803, 0.577561510390803]","[0.17004706455110624, 0.1701297489265915, 0.17027749880150808, 0.17068532007871393, 0.17182480309186904, 0.17499349559088956, 0.18383239672798052, 0.20837964711458443, 0.27708792988912945, 0.4676315677498281, 1.0]"
