,r_sq,chi_sq
0,0.9928437830099087,0.09784794427611114
1,0.9931472049757637,0.08780032898023817
2,0.9979813898121332,0.050415952486170416
