,r_sq,chi_sq
0,0.9935178954671823,9.40366192942184
1,0.990862925258303,12.142946039257687
2,0.9955354459011139,5.757405279882198
