,b,m,w,x,exp_data,exp_error,dataID,weight_by_error,parameter_labels,chi_sq,normalized solutions
0,1,20443.507714816293,0.0004374590843851934,"[0, 2, 5, 10, 20, 50, 100, 200]","[9.606794105310067e-05, 0.07738992018080132, 0.21067676489688275, 0.3468089073552864, 0.5051544751552338, 0.796146878497567, 0.9443483265031178, 1.0]","[0.0001462986442992, 0.0097532429532819, 0.0243831073832049, 0.0487662147664098, 0.0487662147664098, 0.0731493221496147, 0.0975324295328197, 0.146298644299229]",synTF dose response,yes,"['b', 'm', 'w']",286.9159984929342,"[0.000602065512440852, 0.011491002384995537, 0.027787501175436737, 0.05485036171001441, 0.10861168068144371, 0.26703890098834143, 0.5219354870702966, 1.0]"
1,1,335313.1544831501,0.39078606411197137,"[0, 2, 5, 10, 20, 50, 100, 200]","[9.606794105310067e-05, 0.07738992018080132, 0.21067676489688275, 0.3468089073552864, 0.5051544751552338, 0.796146878497567, 0.9443483265031178, 1.0]","[0.0001462986442992, 0.0097532429532819, 0.0243831073832049, 0.0487662147664098, 0.0487662147664098, 0.0731493221496147, 0.0975324295328197, 0.146298644299229]",synTF dose response,yes,"['b', 'm', 'w']",1928.9715278658196,"[3.0302501355534573e-06, 0.4450180935773747, 0.6678250685180446, 0.8027690341119386, 0.8941130197711932, 0.9610105639488441, 0.9863567781434535, 1.0]"
