,e,b,k_bind,m,km,n,e*,b*,k_bind*,m*,km*,n*,chi_sq,r_sq,redchi2,success,model,chi_sq_list,Simulation results
0,3.773109020799638,0.01,1,500,2,2,3.782574133995993,0.01,1,500,2,2,0.0015687895589575746,0.9996965389177107,0.00015687895589575746,True,<models.models.synTF_chem object at 0x10d51e438>,"[0.0015851659059536983, 0.001585165971915423, 0.001585165971915423, 0.001585165971915423, 0.0015851468907936914, 0.001569078517697673, 0.0015690762791656817, 0.0015688018940892448, 0.0015688013761718093, 0.0015687896284287063, 0.0015687894757076333, 0.0015687897714043602, 0.0015687897714043602, 0.0015687897714043602, 0.0015687895589575746, 0.0015687895589575746, 0.0015687895589575746]","[1.8332471196865713e-07, 0.004559639967782333, 0.01517988420809773, 0.04463319020571293, 0.09315502268825755, 0.1724704104756367, 0.3123837959710068, 0.567682985691802, 0.9937525797304836, 0.9999876769145709, 1.0]"
1,3.2499652726048347,0.01,1,500,2,2,3.782497770300384,0.01,1,500,2,2,0.0015687899112821462,0.9996966627677745,0.00015687899112821463,True,<models.models.synTF_chem object at 0x10d51e438>,"[0.10947203816762188, 0.10947204204701559, 0.10947204204701559, 0.10947204204701559, 0.10946992582307673, 0.0015711150080157106, 0.0015711080888604443, 0.0015688383247843178, 0.0015688374326293412, 0.0015687921562150863, 0.0015687920675293643, 0.001568790659532953, 0.001568790605154476, 0.0015687899112821462, 0.0015687900632041945, 0.0015687915938231323, 0.0015687899112821462, 0.0015687899112821462]","[1.8332471223050995e-07, 0.004559213215495697, 0.015178458066106515, 0.04462997418677124, 0.09315031348476885, 0.1724622626552284, 0.31236921272715895, 0.5676557721300629, 0.9937405553645565, 0.9999876765207479, 1.0]"
