,e,b,k_bind,m,km,n
0,3.2499652726048347,0.01,1,500,2,2
1,3969.6005473928262,0.01,1,500,2,2
2,88.13570114484307,0.01,1,500,2,2
3,3243.397242552478,0.01,1,500,2,2
4,26.048670420385793,0.01,1,500,2,2
5,3.773109020799638,0.01,1,500,2,2
6,0.5370596074275552,0.01,1,500,2,2
7,0.021393782330000232,0.01,1,500,2,2
8,397.6302151719501,0.01,1,500,2,2
9,0.2230272920752777,0.01,1,500,2,2
