,b,m,w,x,exp_data,exp_error,dataID,weight_by_error,parameter_labels,chi_sq,normalized solutions
0,1,9172.713638000561,0.03571132648315668,"[0, 2, 5, 10, 20, 50, 100, 200]","[0.0004812279901282784, 0.01462446788802313, 0.040682485950255434, 0.04797610990080278, 0.0694303435389129, 0.34471948181020007, 0.5541755508667536, 1.0]","[0.0001462986442992, 0.0097532429532819, 0.0243831073832049, 0.0487662147664098, 0.0487662147664098, 0.0731493221496147, 0.0975324295328197, 0.146298644299229]",synTF dose response,yes,"['b', 'm', 'w']",215.46508359083234,"[0.00012521437217846945, 0.07743417571095346, 0.1753289929147614, 0.30335591197468126, 0.4781487257716292, 0.7319086421797791, 0.8905100149245231, 1.0]"
1,1,958.0850168164776,0.0008807330223345632,"[0, 2, 5, 10, 20, 50, 100, 200]","[0.0004812279901282784, 0.01462446788802313, 0.040682485950255434, 0.04797610990080278, 0.0694303435389129, 0.34471948181020007, 0.5541755508667536, 1.0]","[0.0001462986442992, 0.0097532429532819, 0.0243831073832049, 0.0487662147664098, 0.0487662147664098, 0.0731493221496147, 0.0975324295328197, 0.146298644299229]",synTF dose response,yes,"['b', 'm', 'w']",1911.3969150750213,"[0.006873799890838033, 0.018592946756805197, 0.03609188239463458, 0.06504595129036149, 0.12217633371806612, 0.2875911135369875, 0.5448680472072803, 1.0]"
