,r_sq,chi_sq
0,0.9962421742363808,4.317836768083397
1,0.9912865900882742,2.9675189248743266
2,0.997817145543171,19.30749326209499
